{
  "tx_id": "local_20250923_175753_efb58c32",
  "timestamp": "2025-09-23T17:57:53.301728",
  "image_hash": "efb58c32429767a694cecb919cf1584f179238ad6c02e536617ce45eb638764d",
  "prediction_data": {
    "predicted_stage": "Non-Demented",
    "predicted_stage_index": 0,
    "confidence_score": 0.9999234676361084,
    "all_probabilities": {
      "Non-Demented": 0.9999234676361084,
      "Very Mild Dementia": 4.179361717815411e-11,
      "Mild Dementia": 3.1251774501583895e-09,
      "Moderate Dementia": 7.6581425673794e-05
    },
    "image_hash": "efb58c32429767a694cecb919cf1584f179238ad6c02e536617ce45eb638764d",
    "timestamp": "2025-09-23T17:57:53.301728",
    "model_version": "hybrid_cnn_transformer_v1",
    "storage_url": "file://C:\\Users\\supra\\Downloads\\Alziemers_final\\backend\\local_storage\\images\\20250923_175753_efb58c324297.png"
  },
  "blockchain_type": "local_mock"
}